original_path,moved_to,folder
JAVA_PROGRAMMING/DEVELOP/SortingMethods.java,01_Basics/SortingMethods.java,01_Basics
JAVA_PROGRAMMING/DEVELOP/telugu/sub.java,01_Basics/sub.java,01_Basics
JAVA_PROGRAMMING/DEVELOP/ArrayList.java,01_Basics/ArrayList.java,01_Basics
JAVA_PROGRAMMING/DEVELOP/topclass.java,01_Basics/topclass.java,01_Basics
JAVA_PROGRAMMING/DEVELOP/InputByUser.java,01_Basics/InputByUser.java,01_Basics
JAVA_PROGRAMMING/DEVELOP/Finally.java,01_Basics/Finally.java,01_Basics
JAVA_PROGRAMMING/DEVELOP/tempCodeRunnerFile.java,01_Basics/tempCodeRunnerFile.java,01_Basics
JAVA_PROGRAMMING/DEVELOP/Solution.java,01_Basics/Solution.java,01_Basics
JAVA_PROGRAMMING/DEVELOP/MyException1.java,02_ControlStatements/MyException1.java,02_ControlStatements
JAVA_PROGRAMMING/DEVELOP/InsertionSort.java,02_ControlStatements/InsertionSort.java,02_ControlStatements
JAVA_PROGRAMMING/DEVELOP/sai.java,02_ControlStatements/sai.java,02_ControlStatements
JAVA_PROGRAMMING/DEVELOP/SelectionSort.java,02_ControlStatements/SelectionSort.java,02_ControlStatements
JAVA_PROGRAMMING/DEVELOP/fan.java,02_ControlStatements/fan.java,02_ControlStatements
JAVA_PROGRAMMING/DEVELOP/ExceptionMethod.java,02_ControlStatements/ExceptionMethod.java,02_ControlStatements
JAVA_PROGRAMMING/DEVELOP/MyExceotion.java,02_ControlStatements/MyExceotion.java,02_ControlStatements
JAVA_PROGRAMMING/DEVELOP/Man.java,02_ControlStatements/Man.java,02_ControlStatements
JAVA_PROGRAMMING/DEVELOP/Enum.java,02_ControlStatements/Enum.java,02_ControlStatements
JAVA_PROGRAMMING/DEVELOP/enhancefor.java,02_ControlStatements/enhancefor.java,02_ControlStatements
JAVA_PROGRAMMING/DEVELOP/student.java,02_ControlStatements/student.java,02_ControlStatements
JAVA_PROGRAMMING/DEVELOP/Test.java,02_ControlStatements/Test.java,02_ControlStatements
JAVA_PROGRAMMING/DEVELOP/Threads.java,02_ControlStatements/Threads.java,02_ControlStatements
JAVA_PROGRAMMING/DEVELOP/Code.java,02_ControlStatements/Code.java,02_ControlStatements
JAVA_PROGRAMMING/DEVELOP/Work.java,02_ControlStatements/Work.java,02_ControlStatements
JAVA_PROGRAMMING/DEVELOP/Enum2.java,02_ControlStatements/Enum2.java,02_ControlStatements
JAVA_PROGRAMMING/DEVELOP/SaticConstructor.java,03_Arrays/SaticConstructor.java,03_Arrays
JAVA_PROGRAMMING/DEVELOP/TimePass.java,03_Arrays/TimePass.java,03_Arrays
JAVA_PROGRAMMING/DEVELOP/Practice.java,03_Arrays/Practice.java,03_Arrays
JAVA_PROGRAMMING/DEVELOP/ObjectHashcode.java,03_Arrays/ObjectHashcode.java,03_Arrays
JAVA_PROGRAMMING/DEVELOP/moon/Hello.java,03_Arrays/Hello.java,03_Arrays
JAVA_PROGRAMMING/DEVELOP/sritesh/CodeStatic.java,03_Arrays/CodeStatic.java,03_Arrays
JAVA_PROGRAMMING/DEVELOP/Abstract.java,03_Arrays/Abstract.java,03_Arrays
JAVA_PROGRAMMING/DEVELOP/telugu/Add/Add.java,03_Arrays/Add.java,03_Arrays
JAVA_PROGRAMMING/DEVELOP/job.java,03_Arrays/job.java,03_Arrays
JAVA_PROGRAMMING/DEVELOP/AnomyInnerclass.java,03_Arrays/AnomyInnerclass.java,03_Arrays
JAVA_PROGRAMMING/DEVELOP/DownUpcasting.java,03_Arrays/DownUpcasting.java,03_Arrays
JAVA_PROGRAMMING/DEVELOP/DynamicDispatch.java,03_Arrays/DynamicDispatch.java,03_Arrays
JAVA_PROGRAMMING/DEVELOP/Encapuslation.java,03_Arrays/Encapuslation.java,03_Arrays
JAVA_PROGRAMMING/DEVELOP/Exception.java,03_Arrays/Exception.java,03_Arrays
JAVA_PROGRAMMING/DEVELOP/ExceptionH.java,03_Arrays/ExceptionH.java,03_Arrays
JAVA_PROGRAMMING/DEVELOP/CodeString.java,03_Arrays/CodeString.java,03_Arrays
JAVA_PROGRAMMING/DEVELOP/Final.java,03_Arrays/Final.java,03_Arrays
JAVA_PROGRAMMING/DEVELOP/Annotation.java,03_Arrays/Annotation.java,03_Arrays
JAVA_PROGRAMMING/DEVELOP/Inheritance.java,03_Arrays/Inheritance.java,03_Arrays
JAVA_PROGRAMMING/DEVELOP/InnerClass.java,03_Arrays/InnerClass.java,03_Arrays
JAVA_PROGRAMMING/DEVELOP/InterfaceUse.java,03_Arrays/InterfaceUse.java,03_Arrays
JAVA_PROGRAMMING/DEVELOP/InterfaceUse2.java,03_Arrays/InterfaceUse2.java,03_Arrays
JAVA_PROGRAMMING/DEVELOP/GetterSetter.java,03_Arrays/GetterSetter.java,03_Arrays
JAVA_PROGRAMMING/DEVELOP/boxingUn.java,03_Arrays/boxingUn.java,03_Arrays
JAVA_PROGRAMMING/DEVELOP/moon/Danger.java,04_OOP/Danger.java,04_OOP
JAVA_PROGRAMMING/DEVELOP/Annoation.java,04_OOP/Annoation.java,04_OOP
JAVA_PROGRAMMING/DEVELOP/string.java,04_OOP/string.java,04_OOP
JAVA_PROGRAMMING/DEVELOP/Kurkure.java,04_OOP/Kurkure.java,04_OOP
JAVA_PROGRAMMING/DEVELOP/Green.java,04_OOP/Green.java,04_OOP
JAVA_PROGRAMMING/DEVELOP/MyProblemException.java,04_OOP/MyProblemException.java,04_OOP
JAVA_PROGRAMMING/DEVELOP/comparable.java,04_OOP/comparable.java,04_OOP
JAVA_PROGRAMMING/DEVELOP/integer.java,04_OOP/integer.java,04_OOP
